{"_id":{"$oid":"608505431dff074eab56811f"},"txnType":"Transfer","amount":4000,"merchant":null,"txnDate":{"$date":"2021-01-12T00:00:00.000Z"},"sourceAccount":"6084fe801dff074eab56810c","destinationAccount":"6084ff331dff074eab568119","incomeCategory":null,"expenseCategory":null,"description":"Transfer to Julie's IRA","__v":0}
{"_id":{"$oid":"608506c91dff074eab568121"},"txnType":"Transfer","amount":348.06,"merchant":null,"txnDate":{"$date":"2021-01-12T00:00:00.000Z"},"sourceAccount":"6084febb1dff074eab568111","destinationAccount":"6084fe801dff074eab56810c","incomeCategory":null,"expenseCategory":null,"description":"Credit refund from Chase","__v":0}
{"_id":{"$oid":"608506de1dff074eab568122"},"txnType":"Transfer","amount":6000,"merchant":null,"txnDate":{"$date":"2021-01-13T00:00:00.000Z"},"sourceAccount":"6084fe801dff074eab56810c","destinationAccount":"6084ff331dff074eab568119","incomeCategory":null,"expenseCategory":null,"description":"Transfer to Yitz's IRA","__v":0}
{"_id":{"$oid":"6085074a1dff074eab568124"},"txnType":"Transfer","amount":16412.41,"merchant":null,"txnDate":{"$date":"2021-01-26T00:00:00.000Z"},"sourceAccount":"6084fe801dff074eab56810c","destinationAccount":"6084ff331dff074eab568119","incomeCategory":null,"expenseCategory":null,"description":"Transfer to brokerage account","__v":0}
{"_id":{"$oid":"608507811dff074eab568126"},"txnType":"Income","amount":3270.49,"merchant":null,"txnDate":{"$date":"2021-01-28T00:00:00.000Z"},"sourceAccount":null,"destinationAccount":"6084fe801dff074eab56810c","incomeCategory":"IXL","expenseCategory":null,"description":"01/29 Paystub","__v":0}
{"_id":{"$oid":"608507a31dff074eab568127"},"txnType":"Income","amount":3236.82,"merchant":null,"txnDate":{"$date":"2021-02-11T00:00:00.000Z"},"sourceAccount":null,"destinationAccount":"6084fe801dff074eab56810c","incomeCategory":"IXL","expenseCategory":null,"description":"02/12 Paystub","__v":0}
{"_id":{"$oid":"608507b41dff074eab568128"},"txnType":"Income","amount":14.23,"merchant":null,"txnDate":{"$date":"2021-01-31T00:00:00.000Z"},"sourceAccount":null,"destinationAccount":"6084fe801dff074eab56810c","incomeCategory":"Investment Income","expenseCategory":null,"description":"Interest","__v":0}
{"_id":{"$oid":"608508041dff074eab56812a"},"txnType":"Income","amount":3236.82,"merchant":null,"txnDate":{"$date":"2021-02-25T00:00:00.000Z"},"sourceAccount":null,"destinationAccount":"6084fe801dff074eab56810c","incomeCategory":"IXL","expenseCategory":null,"description":"02/26 Paystub","__v":0}
{"_id":{"$oid":"608508151dff074eab56812b"},"txnType":"Income","amount":664,"merchant":null,"txnDate":{"$date":"2021-02-25T00:00:00.000Z"},"sourceAccount":null,"destinationAccount":"6084fe801dff074eab56810c","incomeCategory":"Miscellaneous","expenseCategory":null,"description":"Federal Tax Refund","__v":0}
{"_id":{"$oid":"6085082c1dff074eab56812c"},"txnType":"Income","amount":8.94,"merchant":null,"txnDate":{"$date":"2021-02-28T00:00:00.000Z"},"sourceAccount":null,"destinationAccount":"6084fe801dff074eab56810c","incomeCategory":"Investment Income","expenseCategory":null,"description":"Interest","__v":0}
{"_id":{"$oid":"608508531dff074eab56812d"},"txnType":"Income","amount":3656.73,"merchant":null,"txnDate":{"$date":"2021-03-11T00:00:00.000Z"},"sourceAccount":null,"destinationAccount":"6084fe801dff074eab56810c","incomeCategory":"IXL","expenseCategory":null,"description":"Final IXL Paystub","__v":0}
{"_id":{"$oid":"608509001dff074eab568131"},"txnType":"Income","amount":11784,"merchant":null,"txnDate":{"$date":"2021-03-30T00:00:00.000Z"},"sourceAccount":null,"destinationAccount":"6084fe801dff074eab56810c","incomeCategory":"Quora","expenseCategory":null,"description":"Quora SUB","__v":0}
{"_id":{"$oid":"608509191dff074eab568132"},"txnType":"Income","amount":3616.55,"merchant":null,"txnDate":{"$date":"2021-03-30T00:00:00.000Z"},"sourceAccount":null,"destinationAccount":"6084fe801dff074eab56810c","incomeCategory":"Quora","expenseCategory":null,"description":"03/31 Paystub","__v":0}
{"_id":{"$oid":"608509271dff074eab568133"},"txnType":"Income","amount":12.3,"merchant":null,"txnDate":{"$date":"2021-03-31T00:00:00.000Z"},"sourceAccount":null,"destinationAccount":"6084fe801dff074eab56810c","incomeCategory":"Investment Income","expenseCategory":null,"description":"Interest","__v":0}
{"_id":{"$oid":"6085093d1dff074eab568134"},"txnType":"Income","amount":200.71,"merchant":null,"txnDate":{"$date":"2021-04-14T00:00:00.000Z"},"sourceAccount":null,"destinationAccount":"6084fe801dff074eab56810c","incomeCategory":"Quora","expenseCategory":null,"description":"04/15 Paystub","__v":0}
{"_id":{"$oid":"6085098d1dff074eab568135"},"txnType":"Income","amount":503.9,"merchant":null,"txnDate":{"$date":"2021-04-19T00:00:00.000Z"},"sourceAccount":null,"destinationAccount":"6084fe801dff074eab56810c","incomeCategory":null,"expenseCategory":"Phones and Tech","description":"Monitor reimbursements","__v":0}
{"_id":{"$oid":"608509971dff074eab568136"},"txnType":"Income","amount":574.88,"merchant":null,"txnDate":{"$date":"2021-04-19T00:00:00.000Z"},"sourceAccount":null,"destinationAccount":"6084fe801dff074eab56810c","incomeCategory":null,"expenseCategory":"Personal Care","description":"Aeron reimbursement","__v":0}
{"_id":{"$oid":"60850a7e1dff074eab568137"},"txnType":"Expense","amount":25.01,"merchant":"Clover Bakery","txnDate":{"$date":"2021-02-28T00:00:00.000Z"},"sourceAccount":"6084fee81dff074eab568113","destinationAccount":"6084fe801dff074eab56810c","incomeCategory":null,"expenseCategory":"Cafes and Snacks","description":"Yummy breads","capitalMerchant":"CLOVER BAKERY","__v":0}
{"_id":{"$oid":"60850a901dff074eab568138"},"txnType":"Transfer","amount":25.01,"merchant":null,"txnDate":{"$date":"2021-03-13T00:00:00.000Z"},"sourceAccount":"6084fe621dff074eab568109","destinationAccount":"6084fee81dff074eab568113","incomeCategory":null,"expenseCategory":null,"description":"","__v":0}
{"_id":{"$oid":"60850add1dff074eab56813a"},"txnType":"Expense","amount":16.25,"merchant":"Clover Bakery","txnDate":{"$date":"2021-01-16T00:00:00.000Z"},"sourceAccount":"6084feef1dff074eab568114","destinationAccount":"6084fee81dff074eab568113","incomeCategory":null,"expenseCategory":"Cafes and Snacks","description":"Yummy breads","capitalMerchant":"CLOVER BAKERY","__v":0}
{"_id":{"$oid":"60850ae31dff074eab56813b"},"txnType":"Expense","amount":8.63,"merchant":"Clover Bakery","txnDate":{"$date":"2021-01-16T00:00:00.000Z"},"sourceAccount":"6084feef1dff074eab568114","destinationAccount":"6084fee81dff074eab568113","incomeCategory":null,"expenseCategory":"Cafes and Snacks","description":"Yummy breads","capitalMerchant":"CLOVER BAKERY","__v":0}
{"_id":{"$oid":"60850b361dff074eab56813d"},"txnType":"Expense","amount":133.32,"merchant":"Squaw Valley","txnDate":{"$date":"2021-02-26T00:00:00.000Z"},"sourceAccount":"6084feef1dff074eab568114","destinationAccount":"6084feef1dff074eab568114","incomeCategory":null,"expenseCategory":"Vacation","description":"Tickets","capitalMerchant":"SQUAW VALLEY","__v":0}
{"_id":{"$oid":"60850b3f1dff074eab56813e"},"txnType":"Expense","amount":69,"merchant":"Sugar Bowl","txnDate":{"$date":"2021-02-26T00:00:00.000Z"},"sourceAccount":"6084feef1dff074eab568114","destinationAccount":"6084feef1dff074eab568114","incomeCategory":null,"expenseCategory":"Vacation","description":"Tickets","capitalMerchant":"SUGAR BOWL","__v":0}
{"_id":{"$oid":"60850b591dff074eab56813f"},"txnType":"Expense","amount":43.56,"merchant":"Petco","txnDate":{"$date":"2021-02-28T00:00:00.000Z"},"sourceAccount":"6084feef1dff074eab568114","destinationAccount":"6084feef1dff074eab568114","incomeCategory":null,"expenseCategory":"Pet Care \u0026 Supplies","description":"Litter and food","capitalMerchant":"PETCO","__v":0}
{"_id":{"$oid":"60850b901dff074eab568140"},"txnType":"Expense","amount":65.35,"merchant":"Amazon","txnDate":{"$date":"2021-02-28T00:00:00.000Z"},"sourceAccount":"6084feef1dff074eab568114","destinationAccount":"6084feef1dff074eab568114","incomeCategory":null,"expenseCategory":"Phones and Tech","description":"Light headphones","capitalMerchant":"AMAZON","__v":0}
{"_id":{"$oid":"60850baf1dff074eab568141"},"txnType":"Expense","amount":77.04,"merchant":"Petco","txnDate":{"$date":"2021-02-28T00:00:00.000Z"},"sourceAccount":"6084feef1dff074eab568114","destinationAccount":"6084feef1dff074eab568114","incomeCategory":null,"expenseCategory":"Pet Care \u0026 Supplies","description":"More litter","capitalMerchant":"PETCO","__v":0}
{"_id":{"$oid":"60850bc51dff074eab568142"},"txnType":"Expense","amount":75,"merchant":"Costco Optometry","txnDate":{"$date":"2021-03-09T00:00:00.000Z"},"sourceAccount":"6084feef1dff074eab568114","destinationAccount":"6084feef1dff074eab568114","incomeCategory":null,"expenseCategory":"Personal Care","description":"Glasses prescription","capitalMerchant":"COSTCO OPTOMETRY","__v":0}
{"_id":{"$oid":"60850c1d1dff074eab568143"},"txnType":"Expense","amount":25.88,"merchant":"Costco Gasoline","txnDate":{"$date":"2021-01-03T00:00:00.000Z"},"sourceAccount":"6084feef1dff074eab568114","destinationAccount":null,"incomeCategory":null,"expenseCategory":"Gasoline","description":"Gas","capitalMerchant":"COSTCO GASOLINE","__v":0}
{"_id":{"$oid":"60850c521dff074eab568144"},"txnType":"Expense","amount":40,"merchant":"Hankook Tires","txnDate":{"$date":"2021-03-11T00:00:00.000Z"},"sourceAccount":"6084feef1dff074eab568114","destinationAccount":null,"incomeCategory":null,"expenseCategory":"Vehicle Costs","description":"Checking winter tires","capitalMerchant":"HANKOOK TIRES","__v":0}
{"_id":{"$oid":"60850c681dff074eab568145"},"txnType":"Expense","amount":25,"merchant":"Sports Basement","txnDate":{"$date":"2021-03-12T00:00:00.000Z"},"sourceAccount":"6084feef1dff074eab568114","destinationAccount":null,"incomeCategory":null,"expenseCategory":"Vacation","description":"Snowboard wax","capitalMerchant":"SPORTS BASEMENT","__v":0}
{"_id":{"$oid":"60850c831dff074eab568146"},"txnType":"Transfer","amount":503.27,"merchant":null,"txnDate":{"$date":"2021-03-13T00:00:00.000Z"},"sourceAccount":"6084fe621dff074eab568109","destinationAccount":"6084feef1dff074eab568114","incomeCategory":null,"expenseCategory":null,"description":"","__v":0}
{"_id":{"$oid":"60850cc11dff074eab568147"},"txnType":"Expense","amount":13.93,"merchant":"The Robin's Nest","txnDate":{"$date":"2021-03-19T00:00:00.000Z"},"sourceAccount":"6084feef1dff074eab568114","destinationAccount":"6084feef1dff074eab568114","incomeCategory":null,"expenseCategory":"Vacation","description":"Souvenirs from Tahoe (large mug)","capitalMerchant":"THE ROBIN'S NEST","__v":0}
{"_id":{"$oid":"60850cce1dff074eab568148"},"txnType":"Expense","amount":5.16,"merchant":"Rite Aid","txnDate":{"$date":"2021-03-19T00:00:00.000Z"},"sourceAccount":"6084feef1dff074eab568114","destinationAccount":"6084feef1dff074eab568114","incomeCategory":null,"expenseCategory":"Vacation","description":"Drinks and Snacks","capitalMerchant":"RITE AID","__v":0}
{"_id":{"$oid":"60850d0c1dff074eab568149"},"txnType":"Expense","amount":1.61,"merchant":"CVS ","txnDate":{"$date":"2021-03-19T00:00:00.000Z"},"sourceAccount":"6084feef1dff074eab568114","destinationAccount":"6084feef1dff074eab568114","incomeCategory":null,"expenseCategory":"Vacation","description":"Notepad to write my phone number","capitalMerchant":"CVS ","__v":0}
{"_id":{"$oid":"60850d201dff074eab56814a"},"txnType":"Expense","amount":129.5,"merchant":"Costco","txnDate":{"$date":"2021-04-02T00:00:00.000Z"},"sourceAccount":"6084feef1dff074eab568114","destinationAccount":"6084feef1dff074eab568114","incomeCategory":null,"expenseCategory":"Groceries","description":"Groceries","capitalMerchant":"COSTCO","__v":0}
{"_id":{"$oid":"60850d421dff074eab56814b"},"txnType":"Expense","amount":6,"merchant":"Sunnyvale Farmer's Market","txnDate":{"$date":"2021-04-03T00:00:00.000Z"},"sourceAccount":"6084feef1dff074eab568114","destinationAccount":"6084feef1dff074eab568114","incomeCategory":null,"expenseCategory":"Groceries","description":"Veggies","capitalMerchant":"SUNNYVALE FARMER'S MARKET","__v":0}
{"_id":{"$oid":"60850d481dff074eab56814c"},"txnType":"Expense","amount":7,"merchant":"Sunnyvale Farmer's Market","txnDate":{"$date":"2021-04-03T00:00:00.000Z"},"sourceAccount":"6084feef1dff074eab568114","destinationAccount":"6084feef1dff074eab568114","incomeCategory":null,"expenseCategory":"Groceries","description":"Butter","capitalMerchant":"SUNNYVALE FARMER'S MARKET","__v":0}
{"_id":{"$oid":"60850d841dff074eab56814d"},"txnType":"Transfer","amount":188.2,"merchant":null,"txnDate":{"$date":"2021-04-24T00:00:00.000Z"},"sourceAccount":"6084fe621dff074eab568109","destinationAccount":"6084feef1dff074eab568114","incomeCategory":null,"expenseCategory":null,"description":"","__v":0}
{"_id":{"$oid":"60850f1b1dff074eab56814e"},"txnType":"Expense","amount":15.99,"merchant":"Netflix","txnDate":{"$date":"2021-01-30T00:00:00.000Z"},"sourceAccount":"6084febb1dff074eab568111","destinationAccount":"6084feef1dff074eab568114","incomeCategory":null,"expenseCategory":"Entertainment","description":"Netflix January","capitalMerchant":"NETFLIX","__v":0}
{"_id":{"$oid":"60850f2a1dff074eab56814f"},"txnType":"Expense","amount":18.94,"merchant":"Yoshinoya","txnDate":{"$date":"2021-02-13T00:00:00.000Z"},"sourceAccount":"6084febb1dff074eab568111","destinationAccount":"6084feef1dff074eab568114","incomeCategory":null,"expenseCategory":"Dining Out","description":"Food","capitalMerchant":"YOSHINOYA","__v":0}
{"_id":{"$oid":"60850f3d1dff074eab568150"},"txnType":"Transfer","amount":34.93,"merchant":null,"txnDate":{"$date":"2021-02-14T00:00:00.000Z"},"sourceAccount":"6084fe621dff074eab568109","destinationAccount":"6084febb1dff074eab568111","incomeCategory":null,"expenseCategory":null,"description":"","__v":0}
{"_id":{"$oid":"60850f6c1dff074eab568152"},"txnType":"Expense","amount":65,"merchant":"Joy Dumpling","txnDate":{"$date":"2021-02-26T00:00:00.000Z"},"sourceAccount":"6084febb1dff074eab568111","destinationAccount":"6084febb1dff074eab568111","incomeCategory":null,"expenseCategory":"Dining Out","description":"XLB XLB XLB","capitalMerchant":"JOY DUMPLING","__v":0}
{"_id":{"$oid":"60850fb51dff074eab568154"},"txnType":"Expense","amount":835.37,"merchant":"Airbnb","txnDate":{"$date":"2021-02-27T00:00:00.000Z"},"sourceAccount":"6084febb1dff074eab568111","destinationAccount":"6084febb1dff074eab568111","incomeCategory":null,"expenseCategory":"Vacation","description":"Tahoe Trip","capitalMerchant":"AIRBNB","__v":0}
{"_id":{"$oid":"608510101dff074eab568155"},"txnType":"Expense","amount":2255.39,"merchant":"Airbnb","txnDate":{"$date":"2021-02-27T00:00:00.000Z"},"sourceAccount":"6084ff551dff074eab56811b","destinationAccount":"6084febb1dff074eab568111","incomeCategory":null,"expenseCategory":"Vacation","description":"Tahoe Trip Credits","capitalMerchant":"AIRBNB","__v":0}
{"_id":{"$oid":"608510311dff074eab568156"},"txnType":"Expense","amount":55,"merchant":"XLB Kitchen","txnDate":{"$date":"2021-02-27T00:00:00.000Z"},"sourceAccount":"6084febb1dff074eab568111","destinationAccount":"6084febb1dff074eab568111","incomeCategory":null,"expenseCategory":"Dining Out","description":"XLB XLB XLB","capitalMerchant":"XLB KITCHEN","__v":0}
{"_id":{"$oid":"608510ce1dff074eab568157"},"txnType":"Expense","amount":17.99,"merchant":"Netflix","txnDate":{"$date":"2021-02-28T00:00:00.000Z"},"sourceAccount":"6084febb1dff074eab568111","destinationAccount":"6084febb1dff074eab568111","incomeCategory":null,"expenseCategory":"Entertainment","description":"Netflix February","capitalMerchant":"NETFLIX","__v":0}
{"_id":{"$oid":"608510e41dff074eab568158"},"txnType":"Expense","amount":43.09,"merchant":"Doordash","txnDate":{"$date":"2021-03-04T00:00:00.000Z"},"sourceAccount":"6084febb1dff074eab568111","destinationAccount":"6084febb1dff074eab568111","incomeCategory":null,"expenseCategory":"Dining Out","description":"Tay Ho","capitalMerchant":"DOORDASH","__v":0}
{"_id":{"$oid":"608510f21dff074eab568159"},"txnType":"Income","amount":43.09,"merchant":null,"txnDate":{"$date":"2021-03-04T00:00:00.000Z"},"sourceAccount":null,"destinationAccount":"6084febb1dff074eab568111","incomeCategory":"CC Benefits","expenseCategory":null,"description":"Doordash reimbursement for Tay Ho","__v":0}
{"_id":{"$oid":"608511051dff074eab56815a"},"txnType":"Expense","amount":14.04,"merchant":"McDonald's","txnDate":{"$date":"2021-03-04T00:00:00.000Z"},"sourceAccount":"6084febb1dff074eab568111","destinationAccount":"6084febb1dff074eab568111","incomeCategory":null,"expenseCategory":"Dining Out","description":"","capitalMerchant":"MCDONALD'S","__v":0}
{"_id":{"$oid":"608511131dff074eab56815b"},"txnType":"Expense","amount":75,"merchant":"Joy Dumpling","txnDate":{"$date":"2021-03-06T00:00:00.000Z"},"sourceAccount":"6084febb1dff074eab568111","destinationAccount":"6084febb1dff074eab568111","incomeCategory":null,"expenseCategory":"Dining Out","description":"XLB XLB XLB","capitalMerchant":"JOY DUMPLING","__v":0}
{"_id":{"$oid":"6085112f1dff074eab56815c"},"txnType":"Expense","amount":21,"merchant":"El Palenque","txnDate":{"$date":"2021-03-11T00:00:00.000Z"},"sourceAccount":"6084febb1dff074eab568111","destinationAccount":"6084febb1dff074eab568111","incomeCategory":null,"expenseCategory":"Dining Out","description":"Last Palenque lunch with IXLers","capitalMerchant":"EL PALENQUE","__v":0}
{"_id":{"$oid":"6085113d1dff074eab56815d"},"txnType":"Expense","amount":26.4,"merchant":"Antoine's Cookie Shop","txnDate":{"$date":"2021-03-11T00:00:00.000Z"},"sourceAccount":"6084febb1dff074eab568111","destinationAccount":"6084febb1dff074eab568111","incomeCategory":null,"expenseCategory":"Cafes and Snacks","description":"Cookies for Julie ","capitalMerchant":"ANTOINE'S COOKIE SHOP","__v":0}
{"_id":{"$oid":"608511521dff074eab56815e"},"txnType":"Expense","amount":11,"merchant":"El Palenque","txnDate":{"$date":"2021-03-11T00:00:00.000Z"},"sourceAccount":"6084febb1dff074eab568111","destinationAccount":"6084febb1dff074eab568111","incomeCategory":null,"expenseCategory":"Dining Out","description":"Extra order ","capitalMerchant":"EL PALENQUE","__v":0}
{"_id":{"$oid":"6085115e1dff074eab56815f"},"txnType":"Expense","amount":72,"merchant":"El Palenque","txnDate":{"$date":"2021-03-11T00:00:00.000Z"},"sourceAccount":"6084febb1dff074eab568111","destinationAccount":"6084febb1dff074eab568111","incomeCategory":null,"expenseCategory":"Dining Out","description":"Last Palenque with IXLers","capitalMerchant":"EL PALENQUE","__v":0}
{"_id":{"$oid":"608511741dff074eab568160"},"txnType":"Expense","amount":25.3,"merchant":"El Palenque","txnDate":{"$date":"2021-03-11T00:00:00.000Z"},"sourceAccount":"6084febb1dff074eab568111","destinationAccount":"6084febb1dff074eab568111","incomeCategory":null,"expenseCategory":"Cafes and Snacks","description":"Yummy breads","capitalMerchant":"EL PALENQUE","__v":0}
{"_id":{"$oid":"608511851dff074eab568161"},"txnType":"Expense","amount":0.5,"merchant":"City of San Mateo","txnDate":{"$date":"2021-03-11T00:00:00.000Z"},"sourceAccount":"6084febb1dff074eab568111","destinationAccount":"6084febb1dff074eab568111","incomeCategory":null,"expenseCategory":"Transportation","description":"Downtown Parking","capitalMerchant":"CITY OF SAN MATEO","__v":0}
{"_id":{"$oid":"608511a11dff074eab568162"},"txnType":"Expense","amount":9.15,"merchant":"7 Leaves","txnDate":{"$date":"2021-03-12T00:00:00.000Z"},"sourceAccount":"6084febb1dff074eab568111","destinationAccount":"6084febb1dff074eab568111","incomeCategory":null,"expenseCategory":"Cafes and Snacks","description":"Boba","capitalMerchant":"7 LEAVES","__v":0}
{"_id":{"$oid":"608511b21dff074eab568163"},"txnType":"Transfer","amount":1218.6,"merchant":null,"txnDate":{"$date":"2021-03-13T00:00:00.000Z"},"sourceAccount":"6084fe621dff074eab568109","destinationAccount":"6084febb1dff074eab568111","incomeCategory":null,"expenseCategory":null,"description":"","__v":0}
{"_id":{"$oid":"608511e61dff074eab568164"},"txnType":"Income","amount":469.86,"merchant":null,"txnDate":{"$date":"2021-03-13T00:00:00.000Z"},"sourceAccount":null,"destinationAccount":"6084febb1dff074eab568111","incomeCategory":"CC Benefits","expenseCategory":null,"description":"Chase Pay Yourself Back","__v":0}
{"_id":{"$oid":"6085120b1dff074eab568165"},"txnType":"Expense","amount":11.21,"merchant":"Big Mug ","txnDate":{"$date":"2021-03-16T00:00:00.000Z"},"sourceAccount":"6084febb1dff074eab568111","destinationAccount":"6084febb1dff074eab568111","incomeCategory":null,"expenseCategory":"Cafes and Snacks","description":"Drinks","capitalMerchant":"BIG MUG ","__v":0}
{"_id":{"$oid":"608512361dff074eab568167"},"txnType":"Expense","amount":52.73,"merchant":"Chevron","txnDate":{"$date":"2021-03-19T00:00:00.000Z"},"sourceAccount":"6084febb1dff074eab568111","destinationAccount":"6084febb1dff074eab568111","incomeCategory":null,"expenseCategory":"Vacation","description":"Tahoe Gas","capitalMerchant":"CHEVRON","__v":0}
{"_id":{"$oid":"608512551dff074eab568168"},"txnType":"Expense","amount":5,"merchant":"Kings Beach Parking","txnDate":{"$date":"2021-03-19T00:00:00.000Z"},"sourceAccount":"6084febb1dff074eab568111","destinationAccount":"6084febb1dff074eab568111","incomeCategory":null,"expenseCategory":"Vacation","description":"Parking","capitalMerchant":"KINGS BEACH PARKING","__v":0}
{"_id":{"$oid":"6085127a1dff074eab56816a"},"txnType":"Expense","amount":26.66,"merchant":"Doordash","txnDate":{"$date":"2021-03-21T00:00:00.000Z"},"sourceAccount":"6084febb1dff074eab568111","destinationAccount":"6084febb1dff074eab568111","incomeCategory":null,"expenseCategory":"Dining Out","description":"Uzumakiya order","capitalMerchant":"DOORDASH","__v":0}
{"_id":{"$oid":"6085129a1dff074eab56816b"},"txnType":"Income","amount":16.91,"merchant":null,"txnDate":{"$date":"2021-03-21T00:00:00.000Z"},"sourceAccount":null,"destinationAccount":"6084febb1dff074eab568111","incomeCategory":"CC Benefits","expenseCategory":null,"description":"Doordash reimbursement for Uzumakiya","__v":0}
{"_id":{"$oid":"608512ae1dff074eab56816c"},"txnType":"Expense","amount":80,"merchant":"Yuki Sushi","txnDate":{"$date":"2021-03-21T00:00:00.000Z"},"sourceAccount":"6084febb1dff074eab568111","destinationAccount":"6084febb1dff074eab568111","incomeCategory":null,"expenseCategory":"Dining Out","description":"Sushi","capitalMerchant":"YUKI SUSHI","__v":0}
{"_id":{"$oid":"608512c31dff074eab56816d"},"txnType":"Expense","amount":6.09,"merchant":"Mcdonald's","txnDate":{"$date":"2021-03-24T00:00:00.000Z"},"sourceAccount":"6084febb1dff074eab568111","destinationAccount":"6084febb1dff074eab568111","incomeCategory":null,"expenseCategory":"Dining Out","description":"Chicken sandwich","capitalMerchant":"MCDONALD'S","__v":0}
{"_id":{"$oid":"608512cf1dff074eab56816e"},"txnType":"Expense","amount":38.27,"merchant":"Zareen's","txnDate":{"$date":"2021-03-24T00:00:00.000Z"},"sourceAccount":"6084febb1dff074eab568111","destinationAccount":"6084febb1dff074eab568111","incomeCategory":null,"expenseCategory":"Dining Out","description":"Yummy dinner","capitalMerchant":"ZAREEN'S","__v":0}
{"_id":{"$oid":"608513371dff074eab56816f"},"txnType":"Expense","amount":64,"merchant":"Joy Dumpling","txnDate":{"$date":"2021-03-25T00:00:00.000Z"},"sourceAccount":"6084febb1dff074eab568111","destinationAccount":"6084febb1dff074eab568111","incomeCategory":null,"expenseCategory":"Dining Out","description":"XLB XLB XLB","capitalMerchant":"JOY DUMPLING","__v":0}
{"_id":{"$oid":"608513571dff074eab568170"},"txnType":"Expense","amount":116.8,"merchant":"Alaska Air","txnDate":{"$date":"2021-03-25T00:00:00.000Z"},"sourceAccount":"6084febb1dff074eab568111","destinationAccount":"6084febb1dff074eab568111","incomeCategory":null,"expenseCategory":"Vacation","description":"Julie's flight to seattle","capitalMerchant":"ALASKA AIR","__v":0}
{"_id":{"$oid":"608513781dff074eab568171"},"txnType":"Expense","amount":16.97,"merchant":"Super Kyo-Po Plaza","txnDate":{"$date":"2021-03-26T00:00:00.000Z"},"sourceAccount":"6084febb1dff074eab568111","destinationAccount":"6084febb1dff074eab568111","incomeCategory":null,"expenseCategory":"Groceries","description":"We wanted ramen","capitalMerchant":"SUPER KYO-PO PLAZA","__v":0}
{"_id":{"$oid":"6085139e1dff074eab568172"},"txnType":"Expense","amount":10.52,"merchant":"7 Leaves","txnDate":{"$date":"2021-03-26T00:00:00.000Z"},"sourceAccount":"6084febb1dff074eab568111","destinationAccount":"6084febb1dff074eab568111","incomeCategory":null,"expenseCategory":"Cafes and Snacks","description":"boba","capitalMerchant":"7 LEAVES","__v":0}
{"_id":{"$oid":"608513ad1dff074eab568173"},"txnType":"Expense","amount":16.79,"merchant":"Meet Fresh","txnDate":{"$date":"2021-03-27T00:00:00.000Z"},"sourceAccount":"6084febb1dff074eab568111","destinationAccount":"6084febb1dff074eab568111","incomeCategory":null,"expenseCategory":"Cafes and Snacks","description":"Tofu pudding","capitalMerchant":"MEET FRESH","__v":0}
{"_id":{"$oid":"608513b91dff074eab568174"},"txnType":"Expense","amount":27,"merchant":"Cooking Papa","txnDate":{"$date":"2021-03-27T00:00:00.000Z"},"sourceAccount":"6084febb1dff074eab568111","destinationAccount":"6084febb1dff074eab568111","incomeCategory":null,"expenseCategory":"Dining Out","description":"Porridge","capitalMerchant":"COOKING PAPA","__v":0}
{"_id":{"$oid":"608513d21dff074eab568175"},"txnType":"Expense","amount":35.93,"merchant":"Achilles","txnDate":{"$date":"2021-03-28T00:00:00.000Z"},"sourceAccount":"6084febb1dff074eab568111","destinationAccount":"6084febb1dff074eab568111","incomeCategory":null,"expenseCategory":"Dining Out","description":"Yummy mediterranean","capitalMerchant":"ACHILLES","__v":0}
{"_id":{"$oid":"608513e91dff074eab568176"},"txnType":"Expense","amount":17.99,"merchant":"Netflix","txnDate":{"$date":"2021-03-30T00:00:00.000Z"},"sourceAccount":"6084febb1dff074eab568111","destinationAccount":"6084febb1dff074eab568111","incomeCategory":null,"expenseCategory":"Entertainment","description":"Netflix March","capitalMerchant":"NETFLIX","__v":0}
{"_id":{"$oid":"608513f51dff074eab568177"},"txnType":"Expense","amount":24.96,"merchant":"Sweetgreen","txnDate":{"$date":"2021-03-31T00:00:00.000Z"},"sourceAccount":"6084febb1dff074eab568111","destinationAccount":"6084febb1dff074eab568111","incomeCategory":null,"expenseCategory":"Dining Out","description":"Salads","capitalMerchant":"SWEETGREEN","__v":0}
{"_id":{"$oid":"608514021dff074eab568178"},"txnType":"Expense","amount":32.23,"merchant":"Achilles","txnDate":{"$date":"2021-03-31T00:00:00.000Z"},"sourceAccount":"6084febb1dff074eab568111","destinationAccount":"6084febb1dff074eab568111","incomeCategory":null,"expenseCategory":"Dining Out","description":"Yummy mediterranean","capitalMerchant":"ACHILLES","__v":0}
{"_id":{"$oid":"6085141c1dff074eab568179"},"txnType":"Expense","amount":33.47,"merchant":"Satura Cakes","txnDate":{"$date":"2021-04-03T00:00:00.000Z"},"sourceAccount":"6084febb1dff074eab568111","destinationAccount":"6084febb1dff074eab568111","incomeCategory":null,"expenseCategory":"Cafes and Snacks","description":"Anniversary Treats","capitalMerchant":"SATURA CAKES","__v":0}
{"_id":{"$oid":"608514351dff074eab56817a"},"txnType":"Expense","amount":1.6,"merchant":"USPS","txnDate":{"$date":"2021-04-05T00:00:00.000Z"},"sourceAccount":"6084febb1dff074eab568111","destinationAccount":"6084febb1dff074eab568111","incomeCategory":null,"expenseCategory":"Shipping and Mailing","description":"Postage for CA Tax Return","capitalMerchant":"USPS","__v":0}
{"_id":{"$oid":"6085146e1dff074eab56817b"},"txnType":"Expense","amount":20.7,"merchant":"43 and Company","txnDate":{"$date":"2021-04-09T00:00:00.000Z"},"sourceAccount":"6084febb1dff074eab568111","destinationAccount":"6084febb1dff074eab568111","incomeCategory":null,"expenseCategory":"Cafes and Snacks","description":"Tarts","capitalMerchant":"43 AND COMPANY","__v":0}
{"_id":{"$oid":"6085149c1dff074eab56817c"},"txnType":"Income","amount":399.78,"merchant":null,"txnDate":{"$date":"2021-04-11T00:00:00.000Z"},"sourceAccount":null,"destinationAccount":"6084febb1dff074eab568111","incomeCategory":"CC Benefits","expenseCategory":null,"description":"Chase Pay Yourself Back","__v":0}
{"_id":{"$oid":"608514b31dff074eab56817d"},"txnType":"Expense","amount":22.62,"merchant":"Shihlin","txnDate":{"$date":"2021-04-11T00:00:00.000Z"},"sourceAccount":"6084febb1dff074eab568111","destinationAccount":"6084febb1dff074eab568111","incomeCategory":null,"expenseCategory":"Dining Out","description":"Chimkin","capitalMerchant":"SHIHLIN","__v":0}
{"_id":{"$oid":"608514bc1dff074eab56817e"},"txnType":"Expense","amount":10,"merchant":"Cafe Lattea","txnDate":{"$date":"2021-04-12T00:00:00.000Z"},"sourceAccount":"6084febb1dff074eab568111","destinationAccount":"6084febb1dff074eab568111","incomeCategory":null,"expenseCategory":"Cafes and Snacks","description":"boba","capitalMerchant":"CAFE LATTEA","__v":0}
{"_id":{"$oid":"608514f01dff074eab56817f"},"txnType":"Expense","amount":13.08,"merchant":"Modo Donuts","txnDate":{"$date":"2021-04-13T00:00:00.000Z"},"sourceAccount":"6084febb1dff074eab568111","destinationAccount":"6084febb1dff074eab568111","incomeCategory":null,"expenseCategory":"Cafes and Snacks","description":"mochi donuts","capitalMerchant":"MODO DONUTS","__v":0}
{"_id":{"$oid":"6085155d1dff074eab568180"},"txnType":"Expense","amount":35.73,"merchant":"Alexander's Patisserie","txnDate":{"$date":"2021-04-13T00:00:00.000Z"},"sourceAccount":"6084febb1dff074eab568111","destinationAccount":"6084febb1dff074eab568111","incomeCategory":null,"expenseCategory":"Cafes and Snacks","description":"Macarons and cake","capitalMerchant":"ALEXANDER'S PATISSERIE","__v":0}
{"_id":{"$oid":"6085156b1dff074eab568181"},"txnType":"Expense","amount":105,"merchant":"La Catalana","txnDate":{"$date":"2021-04-15T00:00:00.000Z"},"sourceAccount":"6084febb1dff074eab568111","destinationAccount":"6084febb1dff074eab568111","incomeCategory":null,"expenseCategory":"Dining Out","description":"Paella and tapas","capitalMerchant":"LA CATALANA","__v":0}
{"_id":{"$oid":"6085157f1dff074eab568182"},"txnType":"Expense","amount":220,"merchant":"10 Butchers","txnDate":{"$date":"2021-04-15T00:00:00.000Z"},"sourceAccount":"6084febb1dff074eab568111","destinationAccount":"6084febb1dff074eab568111","incomeCategory":null,"expenseCategory":"Dining Out","description":"Galbi jjim, tofu soup, A5 ribeye wagyu","capitalMerchant":"10 BUTCHERS","__v":0}
{"_id":{"$oid":"608515891dff074eab568183"},"txnType":"Expense","amount":10.07,"merchant":"7 Leaves","txnDate":{"$date":"2021-04-15T00:00:00.000Z"},"sourceAccount":"6084febb1dff074eab568111","destinationAccount":"6084febb1dff074eab568111","incomeCategory":null,"expenseCategory":"Cafes and Snacks","description":"boba","capitalMerchant":"7 LEAVES","__v":0}
{"_id":{"$oid":"6085159c1dff074eab568184"},"txnType":"Expense","amount":46.39,"merchant":"Lyft","txnDate":{"$date":"2021-04-18T00:00:00.000Z"},"sourceAccount":"6084febb1dff074eab568111","destinationAccount":"6084febb1dff074eab568111","incomeCategory":null,"expenseCategory":"Transportation","description":"Airport to Wilfred's place","capitalMerchant":"LYFT","__v":0}
{"_id":{"$oid":"608515a71dff074eab568185"},"txnType":"Expense","amount":20.61,"merchant":"Lyft","txnDate":{"$date":"2021-04-18T00:00:00.000Z"},"sourceAccount":"6084febb1dff074eab568111","destinationAccount":"6084febb1dff074eab568111","incomeCategory":null,"expenseCategory":"Transportation","description":"Saturday Seattle fun trips","capitalMerchant":"LYFT","__v":0}
{"_id":{"$oid":"608515b41dff074eab568186"},"txnType":"Expense","amount":30,"merchant":"Steam","txnDate":{"$date":"2021-04-19T00:00:00.000Z"},"sourceAccount":"6084febb1dff074eab568111","destinationAccount":"6084febb1dff074eab568111","incomeCategory":null,"expenseCategory":"Entertainment","description":"Factorio","capitalMerchant":"STEAM","__v":0}
{"_id":{"$oid":"608515c51dff074eab568187"},"txnType":"Expense","amount":38.21,"merchant":"Lyft","txnDate":{"$date":"2021-04-20T00:00:00.000Z"},"sourceAccount":"6084febb1dff074eab568111","destinationAccount":"6084febb1dff074eab568111","incomeCategory":null,"expenseCategory":"Transportation","description":"Wilfred's place to Airport","capitalMerchant":"LYFT","__v":0}
{"_id":{"$oid":"608515e21dff074eab568188"},"txnType":"Expense","amount":35.93,"merchant":"Achilles","txnDate":{"$date":"2021-04-21T00:00:00.000Z"},"sourceAccount":"6084febb1dff074eab568111","destinationAccount":"6084febb1dff074eab568111","incomeCategory":null,"expenseCategory":"Dining Out","description":"Yummy mediterranean","capitalMerchant":"ACHILLES","__v":0}
{"_id":{"$oid":"608517221dff074eab568189"},"txnType":"Expense","amount":271.44,"merchant":"Costco","txnDate":{"$date":"2021-01-03T00:00:00.000Z"},"sourceAccount":"6084fefc1dff074eab568116","destinationAccount":"6084febb1dff074eab568111","incomeCategory":null,"expenseCategory":"Groceries","description":"Groceries","capitalMerchant":"COSTCO","__v":0}
{"_id":{"$oid":"608517471dff074eab56818a"},"txnType":"Expense","amount":139.61,"merchant":"Costco","txnDate":{"$date":"2021-01-10T00:00:00.000Z"},"sourceAccount":"6084fefc1dff074eab568116","destinationAccount":"6084febb1dff074eab568111","incomeCategory":null,"expenseCategory":"Groceries","description":"Groceries","capitalMerchant":"COSTCO","__v":0}
{"_id":{"$oid":"608517641dff074eab56818b"},"txnType":"Transfer","amount":432.46,"merchant":null,"txnDate":{"$date":"2021-01-22T00:00:00.000Z"},"sourceAccount":"6084fe621dff074eab568109","destinationAccount":"6084fefc1dff074eab568116","incomeCategory":null,"expenseCategory":null,"description":"","__v":0}
{"_id":{"$oid":"6085177d1dff074eab56818c"},"txnType":"Expense","amount":56.38,"merchant":"Vons' Chicken","txnDate":{"$date":"2021-01-24T00:00:00.000Z"},"sourceAccount":"6084fefc1dff074eab568116","destinationAccount":"6084fefc1dff074eab568116","incomeCategory":null,"expenseCategory":"Dining Out","description":"KoreanFC","capitalMerchant":"VONS' CHICKEN","__v":0}
{"_id":{"$oid":"608517941dff074eab56818d"},"txnType":"Expense","amount":39,"merchant":"Coursera","txnDate":{"$date":"2021-01-29T00:00:00.000Z"},"sourceAccount":"6084fefc1dff074eab568116","destinationAccount":"6084fefc1dff074eab568116","incomeCategory":null,"expenseCategory":"Education/Tuition","description":"UX Courses","capitalMerchant":"COURSERA","__v":0}
{"_id":{"$oid":"608517ab1dff074eab56818e"},"txnType":"Expense","amount":195.86,"merchant":"Costco","txnDate":{"$date":"2021-02-06T00:00:00.000Z"},"sourceAccount":"6084fefc1dff074eab568116","destinationAccount":"6084fefc1dff074eab568116","incomeCategory":null,"expenseCategory":"Groceries","description":"Groceries","capitalMerchant":"COSTCO","__v":0}
{"_id":{"$oid":"608517da1dff074eab568190"},"txnType":"Expense","amount":201.68,"merchant":"Costco","txnDate":{"$date":"2021-02-17T00:00:00.000Z"},"sourceAccount":"6084fefc1dff074eab568116","destinationAccount":"6084fefc1dff074eab568116","incomeCategory":null,"expenseCategory":"Groceries","description":"Groceries","capitalMerchant":"COSTCO","__v":0}
{"_id":{"$oid":"608517e61dff074eab568191"},"txnType":"Expense","amount":39,"merchant":"Coursera","txnDate":{"$date":"2021-02-28T00:00:00.000Z"},"sourceAccount":"6084fefc1dff074eab568116","destinationAccount":"6084fefc1dff074eab568116","incomeCategory":null,"expenseCategory":"Education/Tuition","description":"UX Courses","capitalMerchant":"COURSERA","__v":0}
{"_id":{"$oid":"608518111dff074eab568192"},"txnType":"Expense","amount":45.36,"merchant":"Costco","txnDate":{"$date":"2021-03-09T00:00:00.000Z"},"sourceAccount":"6084fefc1dff074eab568116","destinationAccount":"6084fefc1dff074eab568116","incomeCategory":null,"expenseCategory":"Groceries","description":"Groceries","capitalMerchant":"COSTCO","__v":0}
{"_id":{"$oid":"6085181b1dff074eab568193"},"txnType":"Expense","amount":269.96,"merchant":"Costco Optical","txnDate":{"$date":"2021-03-09T00:00:00.000Z"},"sourceAccount":"6084fefc1dff074eab568116","destinationAccount":"6084fefc1dff074eab568116","incomeCategory":null,"expenseCategory":"Personal Care","description":"Glasses","capitalMerchant":"COSTCO OPTICAL","__v":0}
{"_id":{"$oid":"6085182a1dff074eab568194"},"txnType":"Transfer","amount":556,"merchant":null,"txnDate":{"$date":"2021-03-13T00:00:00.000Z"},"sourceAccount":"6084fe621dff074eab568109","destinationAccount":"6084fefc1dff074eab568116","incomeCategory":null,"expenseCategory":null,"description":"","__v":0}
{"_id":{"$oid":"6085183c1dff074eab568195"},"txnType":"Transfer","amount":291.24,"merchant":null,"txnDate":{"$date":"2021-02-14T00:00:00.000Z"},"sourceAccount":"6084fe621dff074eab568109","destinationAccount":"6084fefc1dff074eab568116","incomeCategory":null,"expenseCategory":null,"description":"","__v":0}
{"_id":{"$oid":"608518681dff074eab568196"},"txnType":"Expense","amount":59.74,"merchant":"Costco","txnDate":{"$date":"2021-03-14T00:00:00.000Z"},"sourceAccount":"6084fefc1dff074eab568116","destinationAccount":"6084fefc1dff074eab568116","incomeCategory":null,"expenseCategory":"Groceries","description":"Groceries","capitalMerchant":"COSTCO","__v":0}
{"_id":{"$oid":"608518721dff074eab568197"},"txnType":"Expense","amount":24.96,"merchant":"Costco","txnDate":{"$date":"2021-03-16T00:00:00.000Z"},"sourceAccount":"6084fefc1dff074eab568116","destinationAccount":"6084fefc1dff074eab568116","incomeCategory":null,"expenseCategory":"Groceries","description":"Groceries","capitalMerchant":"COSTCO","__v":0}
{"_id":{"$oid":"608519051dff074eab568198"},"txnType":"Expense","amount":37.48,"merchant":"Coursera","txnDate":{"$date":"2021-03-29T00:00:00.000Z"},"sourceAccount":"6084fefc1dff074eab568116","destinationAccount":"6084fefc1dff074eab568116","incomeCategory":null,"expenseCategory":"Education/Tuition","description":"UX Courses","capitalMerchant":"COURSERA","__v":0}
{"_id":{"$oid":"608519191dff074eab568199"},"txnType":"Transfer","amount":122.18,"merchant":null,"txnDate":{"$date":"2021-04-25T00:00:00.000Z"},"sourceAccount":"6084fe621dff074eab568109","destinationAccount":"6084fefc1dff074eab568116","incomeCategory":null,"expenseCategory":null,"description":"","__v":0}
{"_id":{"$oid":"60851a5c1dff074eab56819a"},"txnType":"Expense","amount":4.76,"merchant":"Amazon","txnDate":{"$date":"2021-01-04T00:00:00.000Z"},"sourceAccount":"6084ff041dff074eab568117","destinationAccount":"6084fefc1dff074eab568116","incomeCategory":null,"expenseCategory":"Gifts","description":"?","capitalMerchant":"AMAZON","__v":0}
{"_id":{"$oid":"60851a811dff074eab56819b"},"txnType":"Expense","amount":0.99,"merchant":"Steam","txnDate":{"$date":"2021-01-04T00:00:00.000Z"},"sourceAccount":"6084ff041dff074eab568117","destinationAccount":"6084fefc1dff074eab568116","incomeCategory":null,"expenseCategory":"Entertainment","description":"Among Us","capitalMerchant":"STEAM","__v":0}
{"_id":{"$oid":"60851a901dff074eab56819c"},"txnType":"Expense","amount":4.98,"merchant":"Safeway","txnDate":{"$date":"2021-01-05T00:00:00.000Z"},"sourceAccount":"6084ff041dff074eab568117","destinationAccount":"6084fefc1dff074eab568116","incomeCategory":null,"expenseCategory":"Groceries","description":"Groceries","capitalMerchant":"SAFEWAY","__v":0}
{"_id":{"$oid":"60851a9d1dff074eab56819d"},"txnType":"Expense","amount":49.1,"merchant":"Mitsuwa","txnDate":{"$date":"2021-01-16T00:00:00.000Z"},"sourceAccount":"6084ff041dff074eab568117","destinationAccount":"6084fefc1dff074eab568116","incomeCategory":null,"expenseCategory":"Groceries","description":"Groceries","capitalMerchant":"MITSUWA","__v":0}
{"_id":{"$oid":"60851aa41dff074eab56819e"},"txnType":"Expense","amount":24.76,"merchant":"Safeway","txnDate":{"$date":"2021-01-16T00:00:00.000Z"},"sourceAccount":"6084ff041dff074eab568117","destinationAccount":"6084fefc1dff074eab568116","incomeCategory":null,"expenseCategory":"Groceries","description":"Groceries","capitalMerchant":"SAFEWAY","__v":0}
{"_id":{"$oid":"60851ac21dff074eab56819f"},"txnType":"Transfer","amount":115.53,"merchant":null,"txnDate":{"$date":"2021-01-22T00:00:00.000Z"},"sourceAccount":"6084fe621dff074eab568109","destinationAccount":"6084ff041dff074eab568117","incomeCategory":null,"expenseCategory":null,"description":"","__v":0}
{"_id":{"$oid":"60851ad11dff074eab5681a0"},"txnType":"Expense","amount":14.58,"merchant":"99 Ranch","txnDate":{"$date":"2021-01-22T00:00:00.000Z"},"sourceAccount":"6084ff041dff074eab568117","destinationAccount":"6084ff041dff074eab568117","incomeCategory":null,"expenseCategory":"Groceries","description":"Grcoeries","capitalMerchant":"99 RANCH","__v":0}
{"_id":{"$oid":"60851ae01dff074eab5681a1"},"txnType":"Expense","amount":12.5,"merchant":"Clover Bakery","txnDate":{"$date":"2021-01-31T00:00:00.000Z"},"sourceAccount":"6084ff041dff074eab568117","destinationAccount":"6084ff041dff074eab568117","incomeCategory":null,"expenseCategory":"Cafes and Snacks","description":"yummy breads","capitalMerchant":"CLOVER BAKERY","__v":0}
{"_id":{"$oid":"60851ae51dff074eab5681a2"},"txnType":"Expense","amount":16.1,"merchant":"Clover Bakery","txnDate":{"$date":"2021-01-31T00:00:00.000Z"},"sourceAccount":"6084ff041dff074eab568117","destinationAccount":"6084ff041dff074eab568117","incomeCategory":null,"expenseCategory":"Cafes and Snacks","description":"yummy breads","capitalMerchant":"CLOVER BAKERY","__v":0}
{"_id":{"$oid":"60851af11dff074eab5681a3"},"txnType":"Expense","amount":54.45,"merchant":"Mitsuwa","txnDate":{"$date":"2021-01-31T00:00:00.000Z"},"sourceAccount":"6084ff041dff074eab568117","destinationAccount":"6084ff041dff074eab568117","incomeCategory":null,"expenseCategory":"Groceries","description":"Groceries","capitalMerchant":"MITSUWA","__v":0}
{"_id":{"$oid":"60851b031dff074eab5681a4"},"txnType":"Transfer","amount":97.63,"merchant":null,"txnDate":{"$date":"2021-02-14T00:00:00.000Z"},"sourceAccount":"6084fe621dff074eab568109","destinationAccount":"6084ff041dff074eab568117","incomeCategory":null,"expenseCategory":null,"description":"Groceries","__v":0}
{"_id":{"$oid":"60851b151dff074eab5681a5"},"txnType":"Expense","amount":20.64,"merchant":"Safeway","txnDate":{"$date":"2021-04-02T00:00:00.000Z"},"sourceAccount":"6084ff041dff074eab568117","destinationAccount":"6084ff041dff074eab568117","incomeCategory":null,"expenseCategory":"Groceries","description":"Groceries","capitalMerchant":"SAFEWAY","__v":0}
{"_id":{"$oid":"60851b2e1dff074eab5681a6"},"txnType":"Transfer","amount":20.64,"merchant":null,"txnDate":{"$date":"2021-04-25T00:00:00.000Z"},"sourceAccount":"6084fe621dff074eab568109","destinationAccount":"6084ff041dff074eab568117","incomeCategory":null,"expenseCategory":null,"description":"","__v":0}
{"_id":{"$oid":"60851ba01dff074eab5681a7"},"txnType":"Transfer","amount":500,"merchant":null,"txnDate":{"$date":"2021-04-25T00:00:00.000Z"},"sourceAccount":"6084fe801dff074eab56810c","destinationAccount":"6084fe621dff074eab568109","incomeCategory":null,"expenseCategory":null,"description":"","__v":0}
{"_id":{"$oid":"6085c33d03e247013f9431ce"},"txnType":"Transfer","amount":84.98,"merchant":null,"txnDate":{"$date":"2021-01-22T00:00:00.000Z"},"sourceAccount":"6084fe621dff074eab568109","destinationAccount":"6084ff121dff074eab568118","incomeCategory":null,"expenseCategory":null,"__v":0}
{"_id":{"$oid":"6085c3b203e247013f9431cf"},"txnType":"Expense","amount":35,"merchant":"Leetcode","txnDate":{"$date":"2021-02-10T00:00:00.000Z"},"sourceAccount":"6084ff121dff074eab568118","destinationAccount":"6084ff121dff074eab568118","incomeCategory":null,"expenseCategory":"Education/Tuition","description":"Interview prep","capitalMerchant":"LEETCODE","__v":0}
{"_id":{"$oid":"6085c3ea03e247013f9431d0"},"txnType":"Expense","amount":20,"merchant":"Amazon","txnDate":{"$date":"2021-02-10T00:00:00.000Z"},"sourceAccount":"6084ff121dff074eab568118","destinationAccount":"6084ff121dff074eab568118","incomeCategory":null,"expenseCategory":"Personal Care","description":"Denture cleaners","capitalMerchant":"AMAZON","__v":0}
{"_id":{"$oid":"6085c40803e247013f9431d1"},"txnType":"Expense","amount":57.88,"merchant":"Amazon","txnDate":{"$date":"2021-02-10T00:00:00.000Z"},"sourceAccount":"6084ff121dff074eab568118","destinationAccount":"6084ff121dff074eab568118","incomeCategory":null,"expenseCategory":"Clothes","description":"Slippers and shoes","capitalMerchant":"AMAZON","__v":0}
{"_id":{"$oid":"6085c41d03e247013f9431d2"},"txnType":"Expense","amount":11,"merchant":"Cafe Lattea","txnDate":{"$date":"2021-02-13T00:00:00.000Z"},"sourceAccount":"6084ff121dff074eab568118","destinationAccount":"6084ff121dff074eab568118","incomeCategory":null,"expenseCategory":"Cafes and Snacks","description":"boba","capitalMerchant":"CAFE LATTEA","__v":0}
{"_id":{"$oid":"6085c42a03e247013f9431d3"},"txnType":"Expense","amount":43.22,"merchant":"Safeway","txnDate":{"$date":"2021-02-14T00:00:00.000Z"},"sourceAccount":"6084ff121dff074eab568118","destinationAccount":"6084ff121dff074eab568118","incomeCategory":null,"expenseCategory":"Groceries","description":"groceries","capitalMerchant":"SAFEWAY","__v":0}
{"_id":{"$oid":"6085c44603e247013f9431d4"},"txnType":"Expense","amount":129.71,"merchant":"Amazon","txnDate":{"$date":"2021-02-26T00:00:00.000Z"},"sourceAccount":"6084ff121dff074eab568118","destinationAccount":"6084ff121dff074eab568118","incomeCategory":null,"expenseCategory":"Annual Fees","description":"Prime annual fee","capitalMerchant":"AMAZON","__v":0}
{"_id":{"$oid":"6085c46403e247013f9431d5"},"txnType":"Expense","amount":7.65,"merchant":"Cafe Lattea","txnDate":{"$date":"2021-03-05T00:00:00.000Z"},"sourceAccount":"6084ff121dff074eab568118","destinationAccount":"6084ff121dff074eab568118","incomeCategory":null,"expenseCategory":"Cafes and Snacks","description":"boba","capitalMerchant":"CAFE LATTEA","__v":0}
{"_id":{"$oid":"6085c47103e247013f9431d6"},"txnType":"Expense","amount":35,"merchant":"Leetcode","txnDate":{"$date":"2021-03-10T00:00:00.000Z"},"sourceAccount":"6084ff121dff074eab568118","destinationAccount":"6084ff121dff074eab568118","incomeCategory":null,"expenseCategory":"Education/Tuition","description":"Interview prep","capitalMerchant":"LEETCODE","__v":0}
{"_id":{"$oid":"6085c48103e247013f9431d7"},"txnType":"Transfer","amount":339.46,"merchant":null,"txnDate":{"$date":"2021-03-13T00:00:00.000Z"},"sourceAccount":"6084fe621dff074eab568109","destinationAccount":"6084ff121dff074eab568118","incomeCategory":null,"expenseCategory":null,"description":"","__v":0}
{"_id":{"$oid":"6085c4a703e247013f9431d9"},"txnType":"Expense","amount":35,"merchant":"Leetcode","txnDate":{"$date":"2021-04-10T00:00:00.000Z"},"sourceAccount":"6084ff121dff074eab568118","destinationAccount":"6084ff121dff074eab568118","incomeCategory":null,"expenseCategory":"Education/Tuition","description":"Interview prep","capitalMerchant":"LEETCODE","__v":0}
{"_id":{"$oid":"6085c51e03e247013f9431dd"},"txnType":"Expense","amount":13.1,"merchant":"The Crumpet Shop","txnDate":{"$date":"2021-04-17T00:00:00.000Z"},"sourceAccount":"6084ff121dff074eab568118","destinationAccount":"6084ff121dff074eab568118","incomeCategory":null,"expenseCategory":"Vacation","description":"crumpets","capitalMerchant":"THE CRUMPET SHOP","__v":0}
{"_id":{"$oid":"6085c53e03e247013f9431de"},"txnType":"Expense","amount":6,"merchant":"Blank Space Cafe","txnDate":{"$date":"2021-04-16T00:00:00.000Z"},"sourceAccount":"6084ff121dff074eab568118","destinationAccount":"6084ff121dff074eab568118","incomeCategory":null,"expenseCategory":"Vacation","description":"boba","capitalMerchant":"BLANK SPACE CAFE","__v":0}
{"_id":{"$oid":"6085c54c03e247013f9431df"},"txnType":"Expense","amount":22.56,"merchant":"Alexander's Patisserie","txnDate":{"$date":"2021-04-16T00:00:00.000Z"},"sourceAccount":"6084ff121dff074eab568118","destinationAccount":"6084ff121dff074eab568118","incomeCategory":null,"expenseCategory":"Vacation","description":"Crumpets for wikwok","capitalMerchant":"ALEXANDER'S PATISSERIE","__v":0}
{"_id":{"$oid":"6085c55e03e247013f9431e0"},"txnType":"Expense","amount":12.6,"merchant":"Lime","txnDate":{"$date":"2021-04-17T00:00:00.000Z"},"sourceAccount":"6084ff121dff074eab568118","destinationAccount":"6084ff121dff074eab568118","incomeCategory":null,"expenseCategory":"Vacation","description":"Locked 8mph lime ride","capitalMerchant":"LIME","__v":0}
{"_id":{"$oid":"6085c56f03e247013f9431e1"},"txnType":"Expense","amount":76.38,"merchant":"Elliott's Oyster House","txnDate":{"$date":"2021-04-17T00:00:00.000Z"},"sourceAccount":"6084ff121dff074eab568118","destinationAccount":"6084ff121dff074eab568118","incomeCategory":null,"expenseCategory":"Vacation","description":"Oysters in Seattle","capitalMerchant":"ELLIOTT'S OYSTER HOUSE","__v":0}
{"_id":{"$oid":"6085c5b103e247013f9431e2"},"txnType":"Expense","amount":37.03,"merchant":"Amazon","txnDate":{"$date":"2021-04-21T00:00:00.000Z"},"sourceAccount":"6084ff121dff074eab568118","destinationAccount":"6084ff121dff074eab568118","incomeCategory":null,"expenseCategory":"Personal Care","description":"Yoga mats","capitalMerchant":"AMAZON","__v":0}
{"_id":{"$oid":"6085c5cb03e247013f9431e3"},"txnType":"Expense","amount":27.23,"merchant":"Amazon","txnDate":{"$date":"2021-04-21T00:00:00.000Z"},"sourceAccount":"6084ff121dff074eab568118","destinationAccount":"6084ff121dff074eab568118","incomeCategory":null,"expenseCategory":"Phones and Tech","description":"Julie's phone cases","capitalMerchant":"AMAZON","__v":0}
{"_id":{"$oid":"6085c5e603e247013f9431e4"},"txnType":"Transfer","amount":229.9,"merchant":null,"txnDate":{"$date":"2021-04-25T00:00:00.000Z"},"sourceAccount":"6084fe621dff074eab568109","destinationAccount":"6084ff121dff074eab568118","incomeCategory":null,"expenseCategory":null,"description":"","__v":0}
{"_id":{"$oid":"6085c61803e247013f9431e5"},"txnType":"Expense","amount":50.98,"merchant":"Hobby Link","txnDate":{"$date":"2021-04-23T00:00:00.000Z"},"sourceAccount":"6084ff121dff074eab568118","destinationAccount":"6084ff121dff074eab568118","incomeCategory":null,"expenseCategory":"Gifts","description":"Donna's figurine","capitalMerchant":"HOBBY LINK","__v":0}
{"_id":{"$oid":"6085c72e03e247013f9431e6"},"txnType":"Income","amount":460.05,"merchant":null,"txnDate":{"$date":"2021-04-25T00:00:00.000Z"},"sourceAccount":null,"destinationAccount":"6084febb1dff074eab568111","incomeCategory":"CC Benefits","expenseCategory":null,"description":"Chase Pay Yourself Back","__v":0}
{"_id":{"$oid":"6085c78003e247013f9431e7"},"txnType":"Expense","amount":195,"merchant":"American Express","txnDate":{"$date":"2021-02-09T00:00:00.000Z"},"sourceAccount":"6084fef41dff074eab568115","destinationAccount":"6084febb1dff074eab568111","incomeCategory":null,"expenseCategory":"Annual Fees","description":"Delta Biz Plat annual fee","capitalMerchant":"AMERICAN EXPRESS","__v":0}
{"_id":{"$oid":"6085c78a03e247013f9431e8"},"txnType":"Transfer","amount":195,"merchant":null,"txnDate":{"$date":"2021-02-14T00:00:00.000Z"},"sourceAccount":"6084fe621dff074eab568109","destinationAccount":"6084fef41dff074eab568115","incomeCategory":null,"expenseCategory":null,"description":"","__v":0}
{"_id":{"$oid":"6085c7ad03e247013f9431e9"},"txnType":"Expense","amount":375.58,"merchant":"Dell","txnDate":{"$date":"2021-03-29T00:00:00.000Z"},"sourceAccount":"6084fef41dff074eab568115","destinationAccount":"6084fef41dff074eab568115","incomeCategory":null,"expenseCategory":"Phones and Tech","description":"U2520D monitor","capitalMerchant":"DELL","__v":0}
{"_id":{"$oid":"6085c84103e247013f9431ed"},"txnType":"Expense","amount":339.99,"merchant":"CA DMV","txnDate":{"$date":"2021-03-15T00:00:00.000Z"},"sourceAccount":"6085c81d03e247013f9431ec","destinationAccount":null,"incomeCategory":null,"expenseCategory":"Vehicle Costs","description":"Car Registration","capitalMerchant":"CA DMV","__v":0}
{"_id":{"$oid":"6085c84a03e247013f9431ee"},"txnType":"Expense","amount":376.71,"merchant":"Geico","txnDate":{"$date":"2021-03-15T00:00:00.000Z"},"sourceAccount":"6085c81d03e247013f9431ec","destinationAccount":null,"incomeCategory":null,"expenseCategory":"Vehicle Costs","description":"Car insurance","capitalMerchant":"GEICO","__v":0}
{"_id":{"$oid":"6085c89c03e247013f9431f1"},"txnType":"Expense","amount":426.19,"merchant":"IRS","txnDate":{"$date":"2021-04-04T00:00:00.000Z"},"sourceAccount":"6085c81d03e247013f9431ec","destinationAccount":null,"incomeCategory":null,"expenseCategory":"Government/Tax","description":"Underpaid tax (forgot 1099-DIV)","capitalMerchant":"IRS","__v":0}
{"_id":{"$oid":"6085c8b603e247013f9431f2"},"txnType":"Expense","amount":503.9,"merchant":"Ebay","txnDate":{"$date":"2021-04-05T00:00:00.000Z"},"sourceAccount":"6085c81d03e247013f9431ec","destinationAccount":null,"incomeCategory":null,"expenseCategory":"Phones and Tech","description":"2 U2520D monitors","capitalMerchant":"EBAY","__v":0}
{"_id":{"$oid":"6085c8d003e247013f9431f3"},"txnType":"Transfer","amount":1646.79,"merchant":null,"txnDate":{"$date":"2021-04-11T00:00:00.000Z"},"sourceAccount":"6084fe621dff074eab568109","destinationAccount":"6085c81d03e247013f9431ec","incomeCategory":null,"expenseCategory":null,"description":"","__v":0}
{"_id":{"$oid":"6085c8e403e247013f9431f4"},"txnType":"Expense","amount":310,"merchant":"Alexander's Steakhouse","txnDate":{"$date":"2021-04-11T00:00:00.000Z"},"sourceAccount":"6085c81d03e247013f9431ec","destinationAccount":"6085c81d03e247013f9431ec","incomeCategory":null,"expenseCategory":"Dining Out","description":"Yummy steak dinner","capitalMerchant":"ALEXANDER'S STEAKHOUSE","__v":0}
{"_id":{"$oid":"6085c93803e247013f9431f5"},"txnType":"Expense","amount":574.88,"merchant":"Better Source","txnDate":{"$date":"2021-04-11T00:00:00.000Z"},"sourceAccount":"6085c81d03e247013f9431ec","destinationAccount":"6085c81d03e247013f9431ec","incomeCategory":null,"expenseCategory":"Personal Care","description":"Used Aeron","capitalMerchant":"BETTER SOURCE","__v":0}
{"_id":{"$oid":"6085c94c03e247013f9431f6"},"txnType":"Income","amount":50,"merchant":null,"txnDate":{"$date":"2021-04-14T00:00:00.000Z"},"sourceAccount":null,"destinationAccount":"6085c81d03e247013f9431ec","incomeCategory":"CC Benefits","expenseCategory":null,"description":"Statement credit from AMEX?","__v":0}
{"_id":{"$oid":"6085c96b03e247013f9431f7"},"txnType":"Transfer","amount":834.88,"merchant":null,"txnDate":{"$date":"2021-04-25T00:00:00.000Z"},"sourceAccount":"6084fe621dff074eab568109","destinationAccount":"6085c81d03e247013f9431ec","incomeCategory":null,"expenseCategory":null,"description":"","__v":0}
{"_id":{"$oid":"6085ca7203e247013f9431f8"},"txnType":"Transfer","amount":50.76,"merchant":null,"txnDate":{"$date":"2021-01-22T00:00:00.000Z"},"sourceAccount":"6084fe621dff074eab568109","destinationAccount":"6084feef1dff074eab568114","incomeCategory":null,"expenseCategory":null,"description":"","__v":0}
{"_id":{"$oid":"6085ca8c03e247013f9431f9"},"txnType":"Income","amount":0.23,"merchant":null,"txnDate":{"$date":"2021-01-31T00:00:00.000Z"},"sourceAccount":null,"destinationAccount":"6084fe621dff074eab568109","incomeCategory":"Investment Income","expenseCategory":null,"description":"Interest","__v":0}
{"_id":{"$oid":"6085caaf03e247013f9431fa"},"txnType":"Income","amount":0.15,"merchant":null,"txnDate":{"$date":"2021-02-28T00:00:00.000Z"},"sourceAccount":null,"destinationAccount":"6084fe621dff074eab568109","incomeCategory":"Investment Income","expenseCategory":null,"description":"Interest","__v":0}
{"_id":{"$oid":"6085cac803e247013f9431fb"},"txnType":"Transfer","amount":1222.76,"merchant":null,"txnDate":{"$date":"2021-03-01T00:00:00.000Z"},"sourceAccount":"608504111dff074eab56811e","destinationAccount":"6084fe621dff074eab568109","incomeCategory":null,"expenseCategory":null,"description":"","__v":0}
{"_id":{"$oid":"6085cacd03e247013f9431fc"},"txnType":"Transfer","amount":2500,"merchant":null,"txnDate":{"$date":"2021-03-01T00:00:00.000Z"},"sourceAccount":"608504111dff074eab56811e","destinationAccount":"6084fe621dff074eab568109","incomeCategory":null,"expenseCategory":null,"description":"","__v":0}
{"_id":{"$oid":"6085cae303e247013f9431fd"},"txnType":"Transfer","amount":4000,"merchant":null,"txnDate":{"$date":"2021-03-13T00:00:00.000Z"},"sourceAccount":"6084fe801dff074eab56810c","destinationAccount":"6084fe621dff074eab568109","incomeCategory":null,"expenseCategory":null,"description":"","__v":0}
{"_id":{"$oid":"6085cb3a03e247013f9431fe"},"txnType":"Income","amount":12.24,"merchant":null,"txnDate":{"$date":"2021-03-16T00:00:00.000Z"},"sourceAccount":null,"destinationAccount":"6084fe621dff074eab568109","incomeCategory":null,"expenseCategory":"Personal Care","description":"LPFSA claim reimbursement for denture cleaners","__v":0}
{"_id":{"$oid":"6085cb5803e247013f9431ff"},"txnType":"Transfer","amount":4991.49,"merchant":null,"txnDate":{"$date":"2021-03-19T00:00:00.000Z"},"sourceAccount":"6084fe621dff074eab568109","destinationAccount":"6084ff4b1dff074eab56811a","incomeCategory":null,"expenseCategory":null,"description":"Exercising IXL shares","__v":0}
{"_id":{"$oid":"6085cb9003e247013f943200"},"txnType":"Income","amount":0.36,"merchant":null,"txnDate":{"$date":"2021-03-31T00:00:00.000Z"},"sourceAccount":null,"destinationAccount":"6084fe621dff074eab568109","incomeCategory":"Investment Income","expenseCategory":null,"description":"Interest","__v":0}
{"_id":{"$oid":"6085cc0303e247013f943202"},"txnType":"Expense","amount":49.1,"merchant":"Star One","txnDate":{"$date":"2021-04-19T00:00:00.000Z"},"sourceAccount":"6084fe621dff074eab568109","destinationAccount":"6084fe621dff074eab568109","incomeCategory":null,"expenseCategory":"Fees","description":"Credit Report fee","capitalMerchant":"STAR ONE","__v":0}
{"_id":{"$oid":"6085cd5803e247013f943203"},"txnType":"Transfer","amount":375.58,"merchant":null,"txnDate":{"$date":"2021-04-25T00:00:00.000Z"},"sourceAccount":"6084fe621dff074eab568109","destinationAccount":"6084fef41dff074eab568115","incomeCategory":null,"expenseCategory":null,"description":"","__v":0}
{"_id":{"$oid":"6085cdd903e247013f943204"},"txnType":"Transfer","amount":1400,"merchant":null,"txnDate":{"$date":"2021-04-25T00:00:00.000Z"},"sourceAccount":"6084fe801dff074eab56810c","destinationAccount":"6084fe621dff074eab568109","incomeCategory":null,"expenseCategory":null,"description":"","__v":0}
{"_id":{"$oid":"6085ce8c03e247013f943205"},"txnType":"Expense","amount":7,"merchant":"Jimmy Kim","txnDate":{"$date":"2021-02-09T00:00:00.000Z"},"sourceAccount":"608504111dff074eab56811e","destinationAccount":"6084fe621dff074eab568109","incomeCategory":null,"expenseCategory":"Entertainment","description":"Switch Online","capitalMerchant":"JIMMY KIM","__v":0}
{"_id":{"$oid":"6085cead03e247013f943206"},"txnType":"Income","amount":500,"merchant":null,"txnDate":{"$date":"2021-02-11T00:00:00.000Z"},"sourceAccount":null,"destinationAccount":"608504111dff074eab56811e","incomeCategory":"Miscellaneous","expenseCategory":null,"description":"CNY from Dad","__v":0}
{"_id":{"$oid":"6085cebb03e247013f943207"},"txnType":"Income","amount":200,"merchant":null,"txnDate":{"$date":"2021-02-26T00:00:00.000Z"},"sourceAccount":null,"destinationAccount":"608504111dff074eab56811e","incomeCategory":"Miscellaneous","expenseCategory":null,"description":"CNY from Donna","__v":0}
{"_id":{"$oid":"6085ced703e247013f943208"},"txnType":"Income","amount":334.14,"merchant":null,"txnDate":{"$date":"2021-02-26T00:00:00.000Z"},"sourceAccount":null,"destinationAccount":"608504111dff074eab56811e","incomeCategory":null,"expenseCategory":"Vacation","description":"Tahoe Airbnb William","__v":0}
{"_id":{"$oid":"6085cedd03e247013f943209"},"txnType":"Income","amount":334.14,"merchant":null,"txnDate":{"$date":"2021-02-26T00:00:00.000Z"},"sourceAccount":null,"destinationAccount":"608504111dff074eab56811e","incomeCategory":null,"expenseCategory":"Vacation","description":"Tahoe Airbnb Harmander","__v":0}
{"_id":{"$oid":"6085cee203e247013f94320a"},"txnType":"Income","amount":334.14,"merchant":null,"txnDate":{"$date":"2021-02-26T00:00:00.000Z"},"sourceAccount":null,"destinationAccount":"608504111dff074eab56811e","incomeCategory":null,"expenseCategory":"Vacation","description":"Tahoe Airbnb Ijaaz","__v":0}
{"_id":{"$oid":"6085ceea03e247013f94320b"},"txnType":"Income","amount":334.14,"merchant":null,"txnDate":{"$date":"2021-02-26T00:00:00.000Z"},"sourceAccount":null,"destinationAccount":"608504111dff074eab56811e","incomeCategory":null,"expenseCategory":"Vacation","description":"Tahoe Airbnb Matthew","__v":0}
{"_id":{"$oid":"6085ceed03e247013f94320c"},"txnType":"Income","amount":334.14,"merchant":null,"txnDate":{"$date":"2021-02-26T00:00:00.000Z"},"sourceAccount":null,"destinationAccount":"608504111dff074eab56811e","incomeCategory":null,"expenseCategory":"Vacation","description":"Tahoe Airbnb Delwin","__v":0}
{"_id":{"$oid":"6085cef503e247013f94320d"},"txnType":"Income","amount":668.28,"merchant":null,"txnDate":{"$date":"2021-02-26T00:00:00.000Z"},"sourceAccount":null,"destinationAccount":"608504111dff074eab56811e","incomeCategory":null,"expenseCategory":"Vacation","description":"Tahoe Airbnb Jaypee","__v":0}
{"_id":{"$oid":"6085cefb03e247013f94320e"},"txnType":"Income","amount":167.07,"merchant":null,"txnDate":{"$date":"2021-02-26T00:00:00.000Z"},"sourceAccount":null,"destinationAccount":"608504111dff074eab56811e","incomeCategory":null,"expenseCategory":"Vacation","description":"Tahoe Airbnb Hilda","__v":0}
{"_id":{"$oid":"6085cf0403e247013f94320f"},"txnType":"Income","amount":334.14,"merchant":null,"txnDate":{"$date":"2021-02-26T00:00:00.000Z"},"sourceAccount":null,"destinationAccount":"608504111dff074eab56811e","incomeCategory":null,"expenseCategory":"Vacation","description":"Tahoe Airbnb Domonic","__v":0}
{"_id":{"$oid":"6085cfa503e247013f943217"},"txnType":"Income","amount":9,"merchant":null,"txnDate":{"$date":"2021-03-11T00:00:00.000Z"},"sourceAccount":null,"destinationAccount":"608504111dff074eab56811e","incomeCategory":null,"expenseCategory":"Dining Out","description":"Palenque for Raymond","__v":0}
{"_id":{"$oid":"6085cfaa03e247013f943218"},"txnType":"Income","amount":17.42,"merchant":null,"txnDate":{"$date":"2021-03-11T00:00:00.000Z"},"sourceAccount":null,"destinationAccount":"608504111dff074eab56811e","incomeCategory":null,"expenseCategory":"Dining Out","description":"Palenque for Sean","__v":0}
{"_id":{"$oid":"6085cfb403e247013f943219"},"txnType":"Income","amount":8.7,"merchant":null,"txnDate":{"$date":"2021-03-11T00:00:00.000Z"},"sourceAccount":null,"destinationAccount":"608504111dff074eab56811e","incomeCategory":null,"expenseCategory":"Dining Out","description":"Palenque for Yang","__v":0}
{"_id":{"$oid":"6085cfbb03e247013f94321a"},"txnType":"Income","amount":8.7,"merchant":null,"txnDate":{"$date":"2021-03-11T00:00:00.000Z"},"sourceAccount":null,"destinationAccount":"608504111dff074eab56811e","incomeCategory":null,"expenseCategory":"Dining Out","description":"Palenque for 2dubs","__v":0}
{"_id":{"$oid":"6085cfbf03e247013f94321b"},"txnType":"Income","amount":8.7,"merchant":null,"txnDate":{"$date":"2021-03-11T00:00:00.000Z"},"sourceAccount":null,"destinationAccount":"608504111dff074eab56811e","incomeCategory":null,"expenseCategory":"Dining Out","description":"Palenque for Jesus","__v":0}
{"_id":{"$oid":"6085cfe003e247013f94321c"},"txnType":"Income","amount":19.09,"merchant":null,"txnDate":{"$date":"2021-03-14T00:00:00.000Z"},"sourceAccount":null,"destinationAccount":"608504111dff074eab56811e","incomeCategory":null,"expenseCategory":"Vacation","description":"Tahoe Airbnb rebalance Harmander","__v":0}
{"_id":{"$oid":"6085cfe403e247013f94321d"},"txnType":"Income","amount":19.09,"merchant":null,"txnDate":{"$date":"2021-03-14T00:00:00.000Z"},"sourceAccount":null,"destinationAccount":"608504111dff074eab56811e","incomeCategory":null,"expenseCategory":"Vacation","description":"Tahoe Airbnb rebalance William","__v":0}
{"_id":{"$oid":"6085cfe803e247013f94321e"},"txnType":"Income","amount":19.09,"merchant":null,"txnDate":{"$date":"2021-03-14T00:00:00.000Z"},"sourceAccount":null,"destinationAccount":"608504111dff074eab56811e","incomeCategory":null,"expenseCategory":"Vacation","description":"Tahoe Airbnb rebalance Matthew","__v":0}
{"_id":{"$oid":"6085cfec03e247013f94321f"},"txnType":"Income","amount":19.09,"merchant":null,"txnDate":{"$date":"2021-03-14T00:00:00.000Z"},"sourceAccount":null,"destinationAccount":"608504111dff074eab56811e","incomeCategory":null,"expenseCategory":"Vacation","description":"Tahoe Airbnb rebalance Ijaaz","__v":0}
{"_id":{"$oid":"6085cff003e247013f943220"},"txnType":"Income","amount":19.09,"merchant":null,"txnDate":{"$date":"2021-03-14T00:00:00.000Z"},"sourceAccount":null,"destinationAccount":"608504111dff074eab56811e","incomeCategory":null,"expenseCategory":"Vacation","description":"Tahoe Airbnb rebalance Dominic","__v":0}
{"_id":{"$oid":"6085cffb03e247013f943221"},"txnType":"Income","amount":19.09,"merchant":null,"txnDate":{"$date":"2021-03-15T00:00:00.000Z"},"sourceAccount":null,"destinationAccount":"608504111dff074eab56811e","incomeCategory":null,"expenseCategory":"Vacation","description":"Tahoe Airbnb rebalance Delwin","__v":0}
{"_id":{"$oid":"6085d01203e247013f943222"},"txnType":"Expense","amount":138.42,"merchant":"Jaypee","txnDate":{"$date":"2021-03-14T00:00:00.000Z"},"sourceAccount":"608504111dff074eab56811e","destinationAccount":"608504111dff074eab56811e","incomeCategory":null,"expenseCategory":"Vacation","description":"Tahoe Airbnb rebalance","capitalMerchant":"JAYPEE","__v":0}
{"_id":{"$oid":"6085d02703e247013f943223"},"txnType":"Income","amount":9.55,"merchant":null,"txnDate":{"$date":"2021-03-15T00:00:00.000Z"},"sourceAccount":null,"destinationAccount":"608504111dff074eab56811e","incomeCategory":null,"expenseCategory":"Vacation","description":"Tahoe Airbnb rebalance Hilda","__v":0}
{"_id":{"$oid":"6085d03303e247013f943224"},"txnType":"Income","amount":9.8,"merchant":null,"txnDate":{"$date":"2021-03-15T00:00:00.000Z"},"sourceAccount":null,"destinationAccount":"608504111dff074eab56811e","incomeCategory":null,"expenseCategory":"Dining Out","description":"Palenque for Sung Joon","__v":0}
{"_id":{"$oid":"6085d05003e247013f943225"},"txnType":"Expense","amount":3,"merchant":"Ijaaz","txnDate":{"$date":"2021-03-29T00:00:00.000Z"},"sourceAccount":"608504111dff074eab56811e","destinationAccount":"608504111dff074eab56811e","incomeCategory":null,"expenseCategory":"Vacation","description":"Tahoe food","capitalMerchant":"IJAAZ","__v":0}
{"_id":{"$oid":"6085d06c03e247013f943226"},"txnType":"Income","amount":40,"merchant":null,"txnDate":{"$date":"2021-04-25T00:00:00.000Z"},"sourceAccount":null,"destinationAccount":"608504111dff074eab56811e","incomeCategory":null,"expenseCategory":"Entertainment","description":"Netflix from Michael (Oct through Apr)","__v":0}
{"_id":{"$oid":"6085d22603e247013f943227"},"txnType":"Income","amount":2447.05,"merchant":null,"txnDate":{"$date":"2021-01-14T00:00:00.000Z"},"sourceAccount":null,"destinationAccount":"6084fe801dff074eab56810c","incomeCategory":"IXL","expenseCategory":null,"description":"01/15 Paystub","__v":0}
{"_id":{"$oid":"6085d26803e247013f943228"},"txnType":"Income","amount":150,"merchant":null,"txnDate":{"$date":"2021-01-15T00:00:00.000Z"},"sourceAccount":null,"destinationAccount":"6084fe921dff074eab56810e","incomeCategory":"IXL","expenseCategory":null,"description":"01/15 Paystub","__v":0}
{"_id":{"$oid":"6085d27303e247013f943229"},"txnType":"Income","amount":0.02,"merchant":null,"txnDate":{"$date":"2021-01-27T00:00:00.000Z"},"sourceAccount":null,"destinationAccount":"6084fe921dff074eab56810e","incomeCategory":"Investment Income","expenseCategory":null,"description":"Interest","__v":0}
{"_id":{"$oid":"6085d28e03e247013f94322a"},"txnType":"Income","amount":150,"merchant":null,"txnDate":{"$date":"2021-01-29T00:00:00.000Z"},"sourceAccount":null,"destinationAccount":"6084fe921dff074eab56810e","incomeCategory":"IXL","expenseCategory":null,"description":"01/29 Paystub","__v":0}
{"_id":{"$oid":"6085d29a03e247013f94322b"},"txnType":"Income","amount":150,"merchant":null,"txnDate":{"$date":"2021-02-12T00:00:00.000Z"},"sourceAccount":null,"destinationAccount":"6084fe921dff074eab56810e","incomeCategory":"IXL","expenseCategory":null,"description":"02/12 Paystub","__v":0}
{"_id":{"$oid":"6085d2a503e247013f94322c"},"txnType":"Income","amount":0.02,"merchant":null,"txnDate":{"$date":"2021-02-24T00:00:00.000Z"},"sourceAccount":null,"destinationAccount":"6084fe921dff074eab56810e","incomeCategory":"Investment Income","expenseCategory":null,"description":"Interest","__v":0}
{"_id":{"$oid":"6085d2b203e247013f94322d"},"txnType":"Income","amount":150,"merchant":null,"txnDate":{"$date":"2021-02-26T00:00:00.000Z"},"sourceAccount":null,"destinationAccount":"6084fe921dff074eab56810e","incomeCategory":"IXL","expenseCategory":null,"description":"02/26 Paystub","__v":0}
{"_id":{"$oid":"6085d2c203e247013f94322e"},"txnType":"Transfer","amount":100,"merchant":null,"txnDate":{"$date":"2021-03-09T00:00:00.000Z"},"sourceAccount":"6084fe921dff074eab56810e","destinationAccount":"6084fea91dff074eab568110","incomeCategory":null,"expenseCategory":null,"description":"","__v":0}
{"_id":{"$oid":"6085d2d203e247013f94322f"},"txnType":"Income","amount":0.02,"merchant":null,"txnDate":{"$date":"2021-03-23T00:00:00.000Z"},"sourceAccount":null,"destinationAccount":"6084fe921dff074eab56810e","incomeCategory":"Investment Income","expenseCategory":null,"description":"Interest","__v":0}
{"_id":{"$oid":"6085d2e403e247013f943230"},"txnType":"Income","amount":50,"merchant":null,"txnDate":{"$date":"2021-03-31T00:00:00.000Z"},"sourceAccount":null,"destinationAccount":"6084fe921dff074eab56810e","incomeCategory":"Quora","expenseCategory":null,"description":"03/31 Paystub","__v":0}
{"_id":{"$oid":"6085d2ea03e247013f943231"},"txnType":"Income","amount":50,"merchant":null,"txnDate":{"$date":"2021-04-15T00:00:00.000Z"},"sourceAccount":null,"destinationAccount":"6084fe921dff074eab56810e","incomeCategory":"Quora","expenseCategory":null,"description":"04/15 Paystub","__v":0}
{"_id":{"$oid":"6085d2f503e247013f943232"},"txnType":"Income","amount":0.02,"merchant":null,"txnDate":{"$date":"2021-04-23T00:00:00.000Z"},"sourceAccount":null,"destinationAccount":"6084fe921dff074eab56810e","incomeCategory":"Investment Income","expenseCategory":null,"description":"Interest","__v":0}
{"_id":{"$oid":"6085d32e03e247013f943233"},"txnType":"Income","amount":50,"merchant":null,"txnDate":{"$date":"2021-03-31T00:00:00.000Z"},"sourceAccount":null,"destinationAccount":"6084fe781dff074eab56810b","incomeCategory":"Quora","expenseCategory":null,"description":"03/31 Paystub","__v":0}
{"_id":{"$oid":"6085d3b103e247013f943234"},"txnType":"Income","amount":50,"merchant":null,"txnDate":{"$date":"2021-04-15T00:00:00.000Z"},"sourceAccount":null,"destinationAccount":"6084fe781dff074eab56810b","incomeCategory":"Quora","expenseCategory":null,"description":"04/15 Paystub","__v":0}
{"_id":{"$oid":"6085d46803e247013f943235"},"txnType":"Income","amount":0.01,"merchant":null,"txnDate":{"$date":"2021-02-01T00:00:00.000Z"},"sourceAccount":null,"destinationAccount":"6084fe701dff074eab56810a","incomeCategory":"Investment Income","expenseCategory":null,"description":"Interest","__v":0}
{"_id":{"$oid":"6085d46e03e247013f943236"},"txnType":"Income","amount":0.01,"merchant":null,"txnDate":{"$date":"2021-03-01T00:00:00.000Z"},"sourceAccount":null,"destinationAccount":"6084fe701dff074eab56810a","incomeCategory":"Investment Income","expenseCategory":null,"description":"Interest","__v":0}
{"_id":{"$oid":"6085d47203e247013f943237"},"txnType":"Income","amount":0.01,"merchant":null,"txnDate":{"$date":"2021-03-30T00:00:00.000Z"},"sourceAccount":null,"destinationAccount":"6084fe701dff074eab56810a","incomeCategory":"Investment Income","expenseCategory":null,"description":"Interest","__v":0}
{"_id":{"$oid":"6085d4a503e247013f943238"},"txnType":"Income","amount":150,"merchant":null,"txnDate":{"$date":"2021-01-15T00:00:00.000Z"},"sourceAccount":null,"destinationAccount":"6084fe8b1dff074eab56810d","incomeCategory":"IXL","expenseCategory":null,"description":"01/15 Paystub","__v":0}
{"_id":{"$oid":"6085d4bd03e247013f943239"},"txnType":"Income","amount":0.06,"merchant":null,"txnDate":{"$date":"2021-01-28T00:00:00.000Z"},"sourceAccount":null,"destinationAccount":"6084fe8b1dff074eab56810d","incomeCategory":"Investment Income","expenseCategory":null,"description":"Interest","__v":0}
{"_id":{"$oid":"6085d4c903e247013f94323a"},"txnType":"Income","amount":150,"merchant":null,"txnDate":{"$date":"2021-01-29T00:00:00.000Z"},"sourceAccount":null,"destinationAccount":"6084fe8b1dff074eab56810d","incomeCategory":"IXL","expenseCategory":null,"description":"01/30 Paystub","__v":0}
{"_id":{"$oid":"6085d4d103e247013f94323b"},"txnType":"Income","amount":150,"merchant":null,"txnDate":{"$date":"2021-02-12T00:00:00.000Z"},"sourceAccount":null,"destinationAccount":"6084fe8b1dff074eab56810d","incomeCategory":"IXL","expenseCategory":null,"description":"02/12 Paystub","__v":0}
{"_id":{"$oid":"6085d4d803e247013f94323c"},"txnType":"Income","amount":150,"merchant":null,"txnDate":{"$date":"2021-02-26T00:00:00.000Z"},"sourceAccount":null,"destinationAccount":"6084fe8b1dff074eab56810d","incomeCategory":"IXL","expenseCategory":null,"description":"02/26 Paystub","__v":0}
{"_id":{"$oid":"6085d4e403e247013f94323d"},"txnType":"Income","amount":0.07,"merchant":null,"txnDate":{"$date":"2021-03-01T00:00:00.000Z"},"sourceAccount":null,"destinationAccount":"6084fe8b1dff074eab56810d","incomeCategory":"Investment Income","expenseCategory":null,"description":"Interest","__v":0}
{"_id":{"$oid":"6085d4eb03e247013f94323e"},"txnType":"Income","amount":0.06,"merchant":null,"txnDate":{"$date":"2021-03-29T00:00:00.000Z"},"sourceAccount":null,"destinationAccount":"6084fe8b1dff074eab56810d","incomeCategory":"Investment Income","expenseCategory":null,"description":"Interest","__v":0}
{"_id":{"$oid":"6085d4f503e247013f94323f"},"txnType":"Income","amount":100,"merchant":null,"txnDate":{"$date":"2021-03-31T00:00:00.000Z"},"sourceAccount":null,"destinationAccount":"6084fe8b1dff074eab56810d","incomeCategory":"Quora","expenseCategory":null,"description":"03/31 Paystub","__v":0}
{"_id":{"$oid":"6085d4fd03e247013f943240"},"txnType":"Income","amount":100,"merchant":null,"txnDate":{"$date":"2021-04-15T00:00:00.000Z"},"sourceAccount":null,"destinationAccount":"6084fe8b1dff074eab56810d","incomeCategory":"Quora","expenseCategory":null,"description":"04/15 Paystub","__v":0}
{"_id":{"$oid":"6085d65303e247013f943241"},"txnType":"Expense","amount":34.99,"merchant":"Costco Gasoline","txnDate":{"$date":"2021-01-31T00:00:00.000Z"},"sourceAccount":"6084ff871dff074eab56811d","destinationAccount":"6084fe8b1dff074eab56810d","incomeCategory":null,"expenseCategory":"Gasoline","description":"Gas (estimated)","capitalMerchant":"COSTCO GASOLINE","__v":0}
{"_id":{"$oid":"6085d65a03e247013f943242"},"txnType":"Expense","amount":34.99,"merchant":"Costco Gasoline","txnDate":{"$date":"2021-02-28T00:00:00.000Z"},"sourceAccount":"6084ff871dff074eab56811d","destinationAccount":"6084fe8b1dff074eab56810d","incomeCategory":null,"expenseCategory":"Gasoline","description":"Gas (estimated)","capitalMerchant":"COSTCO GASOLINE","__v":0}
{"_id":{"$oid":"6085d66503e247013f943243"},"txnType":"Expense","amount":34.98,"merchant":"Costco Gasoline","txnDate":{"$date":"2021-03-31T00:00:00.000Z"},"sourceAccount":"6084ff871dff074eab56811d","destinationAccount":"6084fe8b1dff074eab56810d","incomeCategory":null,"expenseCategory":"Gasoline","description":"Gas (estimated)","capitalMerchant":"COSTCO GASOLINE","__v":0}
{"_id":{"$oid":"6085d66a03e247013f943244"},"txnType":"Expense","amount":34.98,"merchant":"Costco Gasoline","txnDate":{"$date":"2021-04-25T00:00:00.000Z"},"sourceAccount":"6084ff871dff074eab56811d","destinationAccount":"6084fe8b1dff074eab56810d","incomeCategory":null,"expenseCategory":"Gasoline","description":"Gas (estimated)","capitalMerchant":"COSTCO GASOLINE","__v":0}
{"_id":{"$oid":"6085d6cb03e247013f943245"},"txnType":"Expense","amount":100,"merchant":"Robinhood","txnDate":{"$date":"2021-03-08T00:00:00.000Z"},"sourceAccount":"6084fea91dff074eab568110","destinationAccount":"6084fe8b1dff074eab56810d","incomeCategory":null,"expenseCategory":"Investments","description":"GME to the moon","capitalMerchant":"ROBINHOOD","__v":0}
